2025-01-10 17:13:30,Corentin,connexion,Succès,non compromis
2025-01-10 17:46:27,Corentin,connexion,Échec,N/A
2025-01-10 17:48:11,Corentin,connexion,Échec,N/A
2025-01-10 17:48:18,root,connexion,Succès,compromis
2025-01-10 18:21:49,Corentin,connexion,Succès,N/A
2025-01-10 18:24:31,Corentin,connexion,Succès,N/A
2025-01-10 18:28:20,Corentin,connexion,Succès,N/A
2025-01-10 18:30:31,Tommy,inscription,Succès,non compromis
2025-01-10 18:30:51,Tommy,connexion,Succès,N/A
2025-01-10 18:35:15,qhhgyGH,inscription,Succès,non compromis
2025-01-10 18:36:59,Tommy,connexion,Succès,non compromis
2025-01-10 18:38:49,Tommy,connexion,Succès,non compromis
2025-01-10 18:40:56,Tommy,connexion,Succès,non compromis
2025-01-10 18:43:14,Tommy,connexion,Succès,non compromis
2025-01-10 18:48:13,Tommy,connexion,Succès,non compromis
2025-01-10 18:51:18,Corentin,connexion,Succès,non compromis
2025-01-10 19:32:01,Tommy,connexion,Succès,non compromis
2025-01-10 19:36:39,Corentin,connexion,Succès,non compromis
2025-01-10 19:42:35,Tommy,connexion,Succès,non compromis
2025-01-10 20:50:00,Test,inscription,Succès,non compromis
2025-01-10 20:52:14,Test,connexion,Succès,compromis
2025-01-10 20:54:20,Test,connexion,Succès,compromis
2025-01-10 20:55:09,Test,connexion,Succès,compromis
2025-01-10 21:01:57,Test1,inscription,Succès,non compromis
2025-01-10 21:02:35,Test2,inscription,Succès,non compromis
2025-01-10 21:03:00,Test3,inscription,Succès,non compromis
2025-01-10 21:17:23,Test1,inscription,Échec,mot de passe compromis CSV
2025-01-10 21:26:26,Tommy,connexion,Succès,non compromis
2025-01-10 21:30:47,Tommy,connexion,Succès,non compromis
2025-01-10 21:33:56,Tommy,connexion,Succès,non compromis
2025-01-10 21:35:18,Tommy,connexion,Échec,N/A
2025-01-10 21:35:26,Tommy,connexion,Succès,non compromis
2025-01-10 21:38:23,Tommy,connexion,Succès,non compromis
2025-01-10 21:40:37,Tommy,connexion,Succès,non compromis
2025-01-10 21:44:02,Tommy,connexion,Succès,non compromis
2025-01-10 21:49:05,Tommy,connexion,Succès,non compromis
2025-01-10 21:53:39,Tommy,connexion,Succès,non compromis
2025-01-10 21:55:09,Tommy,connexion,Succès,non compromis
2025-01-10 21:57:06,Tommy,connexion,Succès,non compromis
2025-01-10 22:00:16,Tommy,connexion,Succès,non compromis
2025-01-10 22:11:52,Corentin,connexion,Succès,non compromis
2025-01-10 22:12:43,Corentin,connexion,Succès,non compromis
2025-01-10 22:13:18,Corentin,connexion,Succès,non compromis
2025-01-10 22:15:34,Tommy,connexion,Succès,non compromis
2025-01-11 19:03:10,Corentin,connexion,Succès,non compromis
2025-01-11 19:04:45,,inscription,Échec,champs manquants
2025-01-11 19:15:52,Corentin,connexion,Succès,non compromis
2025-01-11 19:21:21,,inscription,Échec,champs manquants
2025-01-11 19:21:35,GQHSHJHS,inscription,Échec,mot de passe compromis CSV
2025-01-11 19:27:48,Jean,inscription,Succès,non compromis
2025-01-11 19:29:55,Thomas,inscription,Succès,non compromis
2025-01-11 19:30:48,jean,inscription,Échec,mot de passe compromis CSV
2025-01-11 19:31:25,Corentin,connexion,Succès,non compromis
